-- phpMyAdmin SQL Dump
-- version 5.1.1
-- https://www.phpmyadmin.net/
--
-- Host: 127.0.0.1
-- Generation Time: Feb 01, 2022 at 11:48 PM
-- Server version: 10.4.19-MariaDB
-- PHP Version: 7.4.24

SET SQL_MODE = "NO_AUTO_VALUE_ON_ZERO";
START TRANSACTION;
SET time_zone = "+00:00";


/*!40101 SET @OLD_CHARACTER_SET_CLIENT=@@CHARACTER_SET_CLIENT */;
/*!40101 SET @OLD_CHARACTER_SET_RESULTS=@@CHARACTER_SET_RESULTS */;
/*!40101 SET @OLD_COLLATION_CONNECTION=@@COLLATION_CONNECTION */;
/*!40101 SET NAMES utf8mb4 */;

--
-- Database: `schoolsystem`
--

-- --------------------------------------------------------

--
-- Table structure for table `attachments`
--

CREATE TABLE `attachments` (
  `id` bigint(20) UNSIGNED NOT NULL,
  `fileName` varchar(255) COLLATE utf8mb4_unicode_ci NOT NULL,
  `imageable_id` bigint(20) UNSIGNED NOT NULL,
  `imageable_type` varchar(255) COLLATE utf8mb4_unicode_ci NOT NULL,
  `created_at` timestamp NULL DEFAULT NULL,
  `updated_at` timestamp NULL DEFAULT NULL
) ENGINE=InnoDB DEFAULT CHARSET=utf8mb4 COLLATE=utf8mb4_unicode_ci;

--
-- Dumping data for table `attachments`
--

INSERT INTO `attachments` (`id`, `fileName`, `imageable_id`, `imageable_type`, `created_at`, `updated_at`) VALUES
(1, '1609348835825.jpg', 9, 'App\\Models\\student', '2022-02-01 19:19:34', '2022-02-01 19:19:34'),
(2, 'atef6.png', 9, 'App\\Models\\student', '2022-02-01 19:19:34', '2022-02-01 19:19:34'),
(3, 'IMG_٢٠٢٢٠١٣١_١٨١٩٣٩.png', 9, 'App\\Models\\student', '2022-02-01 19:19:34', '2022-02-01 19:19:34'),
(4, 'IMG_٢٠٢٢٠١٣١_٢٠٣٩٠٣.png', 9, 'App\\Models\\student', '2022-02-01 19:19:34', '2022-02-01 19:19:34'),
(6, 'تنزيل.jpg', 11, 'App\\Models\\student', '2022-02-01 19:32:48', '2022-02-01 19:32:48'),
(18, '1_dG2gseGtOdYvXqP0Z9DlXA.jpeg', 17, 'App\\Models\\student', '2022-02-01 19:42:53', '2022-02-01 19:42:53'),
(19, '384458-photography-nature-landscape-sunset-far_view-aerial_view-alone-orange-colorful-sky-clouds.jpg', 17, 'App\\Models\\student', '2022-02-01 19:42:53', '2022-02-01 19:42:53'),
(27, '1_dG2gseGtOdYvXqP0Z9DlXA.jpeg', 21, 'App\\Models\\student', '2022-02-01 19:53:51', '2022-02-01 19:53:51'),
(28, 'java-oops.png', 21, 'App\\Models\\student', '2022-02-01 19:53:51', '2022-02-01 19:53:51'),
(29, 'تنزيل.png', 21, 'App\\Models\\student', '2022-02-01 19:53:51', '2022-02-01 19:53:51'),
(30, 'تنزيل.jpg', 22, 'App\\Models\\student', '2022-02-01 19:56:14', '2022-02-01 19:56:14');

-- --------------------------------------------------------

--
-- Table structure for table `classrooms`
--

CREATE TABLE `classrooms` (
  `id` bigint(20) UNSIGNED NOT NULL,
  `name` varchar(255) COLLATE utf8mb4_unicode_ci NOT NULL,
  `status` varchar(255) COLLATE utf8mb4_unicode_ci DEFAULT NULL,
  `grade_id` int(10) UNSIGNED NOT NULL,
  `school_year_id` int(10) UNSIGNED NOT NULL,
  `created_at` timestamp NULL DEFAULT NULL,
  `updated_at` timestamp NULL DEFAULT NULL
) ENGINE=InnoDB DEFAULT CHARSET=utf8mb4 COLLATE=utf8mb4_unicode_ci;

--
-- Dumping data for table `classrooms`
--

INSERT INTO `classrooms` (`id`, `name`, `status`, `grade_id`, `school_year_id`, `created_at`, `updated_at`) VALUES
(1, '{\"en\":\"ytre\",\"ar\":\"uytr\"}', '1', 1, 2, '2022-01-06 07:30:48', '2022-01-18 08:27:02'),
(2, '{\"en\":\"dfwdsdf\",\"ar\":\"yht\"}', '1', 1, 1, '2022-01-06 07:31:09', '2022-01-06 07:33:08'),
(3, '{\"en\":\"kjhgfghj\",\"ar\":\"\\u0627\\u0644\\u0628\\u0644\\u0627\"}', '1', 1, 2, '2022-01-16 09:07:08', '2022-01-16 09:30:05'),
(4, '{\"en\":\";jrojfgksd\",\"ar\":\"\\u0645\\u0644\\u062a\\u0642\\u0633\\u064a\\u062a\"}', '1', 1, 2, '2022-01-16 09:24:01', '2022-01-16 09:24:01'),
(5, '{\"en\":\";jrojfgksd\",\"ar\":\"\\u0645\\u0644\\u062a\\u0642\\u0633\\u064a\\u062a\"}', '1', 1, 2, '2022-01-16 09:27:37', '2022-01-16 09:27:37');

-- --------------------------------------------------------

--
-- Table structure for table `classroom_teacher`
--

CREATE TABLE `classroom_teacher` (
  `id` bigint(20) UNSIGNED NOT NULL,
  `teachers_id` bigint(20) UNSIGNED NOT NULL,
  `classroom_id` bigint(20) UNSIGNED NOT NULL
) ENGINE=InnoDB DEFAULT CHARSET=utf8mb4 COLLATE=utf8mb4_unicode_ci;

--
-- Dumping data for table `classroom_teacher`
--

INSERT INTO `classroom_teacher` (`id`, `teachers_id`, `classroom_id`) VALUES
(1, 1, 5),
(2, 1, 5),
(3, 1, 4),
(4, 1, 1);

-- --------------------------------------------------------

--
-- Table structure for table `failed_jobs`
--

CREATE TABLE `failed_jobs` (
  `id` bigint(20) UNSIGNED NOT NULL,
  `connection` text COLLATE utf8mb4_unicode_ci NOT NULL,
  `queue` text COLLATE utf8mb4_unicode_ci NOT NULL,
  `payload` longtext COLLATE utf8mb4_unicode_ci NOT NULL,
  `exception` longtext COLLATE utf8mb4_unicode_ci NOT NULL,
  `failed_at` timestamp NOT NULL DEFAULT current_timestamp()
) ENGINE=InnoDB DEFAULT CHARSET=utf8mb4 COLLATE=utf8mb4_unicode_ci;

-- --------------------------------------------------------

--
-- Table structure for table `genders`
--

CREATE TABLE `genders` (
  `id` bigint(20) UNSIGNED NOT NULL,
  `Name` varchar(255) COLLATE utf8mb4_unicode_ci NOT NULL,
  `created_at` timestamp NULL DEFAULT NULL,
  `updated_at` timestamp NULL DEFAULT NULL
) ENGINE=InnoDB DEFAULT CHARSET=utf8mb4 COLLATE=utf8mb4_unicode_ci;

--
-- Dumping data for table `genders`
--

INSERT INTO `genders` (`id`, `Name`, `created_at`, `updated_at`) VALUES
(1, '{\"en\":\"Male\",\"ar\":\"\\u0630\\u0643\\u0631\"}', '2022-01-06 07:28:56', '2022-01-06 07:28:56'),
(2, '{\"en\":\"Female\",\"ar\":\"\\u0627\\u0646\\u062b\\u064a\"}', '2022-01-06 07:28:56', '2022-01-06 07:28:56');

-- --------------------------------------------------------

--
-- Table structure for table `grades`
--

CREATE TABLE `grades` (
  `id` int(10) UNSIGNED NOT NULL,
  `name` varchar(255) COLLATE utf8mb4_unicode_ci NOT NULL,
  `notes` longtext COLLATE utf8mb4_unicode_ci DEFAULT NULL,
  `created_at` timestamp NULL DEFAULT NULL,
  `updated_at` timestamp NULL DEFAULT NULL
) ENGINE=InnoDB DEFAULT CHARSET=utf8mb4 COLLATE=utf8mb4_unicode_ci;

--
-- Dumping data for table `grades`
--

INSERT INTO `grades` (`id`, `name`, `notes`, `created_at`, `updated_at`) VALUES
(1, '{\"en\":\"Primary stage\",\"ar\":\"\\u0627\\u0644\\u0645\\u0631\\u062d\\u0644\\u0629 \\u0627\\u0644\\u0627\\u0628\\u062a\\u062f\\u0627\\u0626\\u064a\\u0629\"}', NULL, '2022-01-06 07:29:44', '2022-01-06 07:29:44'),
(2, '{\"en\":\"middle School\",\"ar\":\"\\u0627\\u0644\\u0645\\u0631\\u062d\\u0644\\u0629 \\u0627\\u0644\\u0627\\u0639\\u062f\\u0627\\u062f\\u064a\\u0629\"}', NULL, '2022-01-06 07:29:55', '2022-01-06 07:29:55');

-- --------------------------------------------------------

--
-- Table structure for table `migrations`
--

CREATE TABLE `migrations` (
  `id` int(10) UNSIGNED NOT NULL,
  `migration` varchar(255) COLLATE utf8mb4_unicode_ci NOT NULL,
  `batch` int(11) NOT NULL
) ENGINE=InnoDB DEFAULT CHARSET=utf8mb4 COLLATE=utf8mb4_unicode_ci;

--
-- Dumping data for table `migrations`
--

INSERT INTO `migrations` (`id`, `migration`, `batch`) VALUES
(1, '2014_10_12_000000_create_users_table', 1),
(2, '2014_10_12_100000_create_password_resets_table', 1),
(3, '2019_08_19_000000_create_failed_jobs_table', 1),
(4, '2021_10_21_074036_create_Grades_table', 1),
(5, '2021_11_06_065400_create_school_year_table', 1),
(6, '2021_11_15_180012_create_type_bloods_table', 1),
(7, '2021_11_15_183224_create_nationalities_table', 1),
(8, '2021_11_15_190118_create_religions_table', 1),
(9, '2021_11_22_205442_create_my_parents_table', 1),
(10, '2021_11_24_192629_create_parent_attachments_table', 1),
(11, '2021_12_02_000359_create_genders_table', 1),
(12, '2021_12_02_000451_create_specializations_table', 1),
(13, '2021_12_05_000228_create_teachers_table', 1),
(14, '2021_12_05_212303_create_classrooms_table', 1),
(15, '2022_01_06_015545_create_teacher_classroom_table', 1),
(16, '2022_01_24_155604_create_students_table', 2),
(18, '2022_02_01_183008_create_attachments_table', 3);

-- --------------------------------------------------------

--
-- Table structure for table `my_parents`
--

CREATE TABLE `my_parents` (
  `id` bigint(20) UNSIGNED NOT NULL,
  `Email` varchar(255) COLLATE utf8mb4_unicode_ci NOT NULL,
  `Password` varchar(255) COLLATE utf8mb4_unicode_ci NOT NULL,
  `Name_Father` varchar(255) COLLATE utf8mb4_unicode_ci NOT NULL,
  `National_ID_Father` varchar(255) COLLATE utf8mb4_unicode_ci NOT NULL,
  `Passport_ID_Father` varchar(255) COLLATE utf8mb4_unicode_ci NOT NULL,
  `Phone_Father` varchar(255) COLLATE utf8mb4_unicode_ci NOT NULL,
  `Job_Father` varchar(255) COLLATE utf8mb4_unicode_ci NOT NULL,
  `Nationality_Father_id` bigint(20) UNSIGNED NOT NULL,
  `Blood_Type_Father_id` bigint(20) UNSIGNED NOT NULL,
  `Religion_Father_id` bigint(20) UNSIGNED NOT NULL,
  `Address_Father` varchar(255) COLLATE utf8mb4_unicode_ci NOT NULL,
  `Name_Mother` varchar(255) COLLATE utf8mb4_unicode_ci NOT NULL,
  `National_ID_Mother` varchar(255) COLLATE utf8mb4_unicode_ci NOT NULL,
  `Passport_ID_Mother` varchar(255) COLLATE utf8mb4_unicode_ci NOT NULL,
  `Phone_Mother` varchar(255) COLLATE utf8mb4_unicode_ci NOT NULL,
  `Job_Mother` varchar(255) COLLATE utf8mb4_unicode_ci NOT NULL,
  `Nationality_Mother_id` bigint(20) UNSIGNED NOT NULL,
  `Blood_Type_Mother_id` bigint(20) UNSIGNED NOT NULL,
  `Religion_Mother_id` bigint(20) UNSIGNED NOT NULL,
  `Address_Mother` varchar(255) COLLATE utf8mb4_unicode_ci NOT NULL,
  `created_at` timestamp NULL DEFAULT NULL,
  `updated_at` timestamp NULL DEFAULT NULL
) ENGINE=InnoDB DEFAULT CHARSET=utf8mb4 COLLATE=utf8mb4_unicode_ci;

--
-- Dumping data for table `my_parents`
--

INSERT INTO `my_parents` (`id`, `Email`, `Password`, `Name_Father`, `National_ID_Father`, `Passport_ID_Father`, `Phone_Father`, `Job_Father`, `Nationality_Father_id`, `Blood_Type_Father_id`, `Religion_Father_id`, `Address_Father`, `Name_Mother`, `National_ID_Mother`, `Passport_ID_Mother`, `Phone_Mother`, `Job_Mother`, `Nationality_Mother_id`, `Blood_Type_Mother_id`, `Religion_Mother_id`, `Address_Mother`, `created_at`, `updated_at`) VALUES
(1, 'fgsd@gmail.com', '$2y$10$XjCNGp7OXCyYuMBxiKYKGe3QIKfvXUHxhEuukzotmHYW/WYnkc0DK', '{\"en\":\"fdsfs\",\"ar\":\"\\u0639\\u0644\\u064a \\u0627\\u062d\\u0645\\u062f\"}', '1234567890', '1234567894', '1234567890', '{\"en\":\"\\u062a\\u0644\\u0645\\u0628\\u064a\",\"ar\":\"\\u0645\\u0646\\u0628\\u064a\\u0633\"}', 11, 3, 1, 'نائسيبلاتن عهلغفبلغعا اهعلغا عالات', '{\"en\":\"ikujythrgf\",\"ar\":\"\\u062d\\u0633\\u0646\\u064a\\u0629 \\u0627\\u062d\\u0645\\u062f\"}', '1234567895', '1234567894', '1234567890', '{\"en\":\"kujyhtr\",\"ar\":\"\\u062a\\u063a\\u0627\\u0641\\u0644\"}', 10, 5, 1, 'تىاسي', '2022-01-24 23:01:30', '2022-01-24 23:01:30');

-- --------------------------------------------------------

--
-- Table structure for table `nationalities`
--

CREATE TABLE `nationalities` (
  `id` bigint(20) UNSIGNED NOT NULL,
  `name` varchar(255) COLLATE utf8mb4_unicode_ci NOT NULL,
  `created_at` timestamp NULL DEFAULT NULL,
  `updated_at` timestamp NULL DEFAULT NULL
) ENGINE=InnoDB DEFAULT CHARSET=utf8mb4 COLLATE=utf8mb4_unicode_ci;

--
-- Dumping data for table `nationalities`
--

INSERT INTO `nationalities` (`id`, `name`, `created_at`, `updated_at`) VALUES
(1, '{\"en\":\"Afghan\",\"ar\":\"\\u0623\\u0641\\u063a\\u0627\\u0646\\u0633\\u062a\\u0627\\u0646\\u064a\"}', '2022-01-06 07:28:55', '2022-01-06 07:28:55'),
(2, '{\"en\":\"Albanian\",\"ar\":\"\\u0623\\u0644\\u0628\\u0627\\u0646\\u064a\"}', '2022-01-06 07:28:55', '2022-01-06 07:28:55'),
(3, '{\"en\":\"Aland Islander\",\"ar\":\"\\u0622\\u0644\\u0627\\u0646\\u062f\\u064a\"}', '2022-01-06 07:28:55', '2022-01-06 07:28:55'),
(4, '{\"en\":\"Algerian\",\"ar\":\"\\u062c\\u0632\\u0627\\u0626\\u0631\\u064a\"}', '2022-01-06 07:28:55', '2022-01-06 07:28:55'),
(5, '{\"en\":\"American Samoan\",\"ar\":\"\\u0623\\u0645\\u0631\\u064a\\u0643\\u064a \\u0633\\u0627\\u0645\\u0648\\u0627\\u0646\\u064a\"}', '2022-01-06 07:28:55', '2022-01-06 07:28:55'),
(6, '{\"en\":\"Andorran\",\"ar\":\"\\u0623\\u0646\\u062f\\u0648\\u0631\\u064a\"}', '2022-01-06 07:28:55', '2022-01-06 07:28:55'),
(7, '{\"en\":\"Angolan\",\"ar\":\"\\u0623\\u0646\\u0642\\u0648\\u0644\\u064a\"}', '2022-01-06 07:28:55', '2022-01-06 07:28:55'),
(8, '{\"en\":\"Anguillan\",\"ar\":\"\\u0623\\u0646\\u063a\\u0648\\u064a\\u0644\\u064a\"}', '2022-01-06 07:28:55', '2022-01-06 07:28:55'),
(9, '{\"en\":\"Antarctican\",\"ar\":\"\\u0623\\u0646\\u062a\\u0627\\u0631\\u0643\\u062a\\u064a\\u0643\\u064a\"}', '2022-01-06 07:28:55', '2022-01-06 07:28:55'),
(10, '{\"en\":\"Antiguan\",\"ar\":\"\\u0628\\u0631\\u0628\\u0648\\u062f\\u064a\"}', '2022-01-06 07:28:55', '2022-01-06 07:28:55'),
(11, '{\"en\":\"Argentinian\",\"ar\":\"\\u0623\\u0631\\u062c\\u0646\\u062a\\u064a\\u0646\\u064a\"}', '2022-01-06 07:28:55', '2022-01-06 07:28:55'),
(12, '{\"en\":\"Armenian\",\"ar\":\"\\u0623\\u0631\\u0645\\u064a\\u0646\\u064a\"}', '2022-01-06 07:28:55', '2022-01-06 07:28:55'),
(13, '{\"en\":\"Aruban\",\"ar\":\"\\u0623\\u0648\\u0631\\u0648\\u0628\\u0647\\u064a\\u0646\\u064a\"}', '2022-01-06 07:28:55', '2022-01-06 07:28:55'),
(14, '{\"en\":\"Australian\",\"ar\":\"\\u0623\\u0633\\u062a\\u0631\\u0627\\u0644\\u064a\"}', '2022-01-06 07:28:55', '2022-01-06 07:28:55'),
(15, '{\"en\":\"Austrian\",\"ar\":\"\\u0646\\u0645\\u0633\\u0627\\u0648\\u064a\"}', '2022-01-06 07:28:55', '2022-01-06 07:28:55'),
(16, '{\"en\":\"Azerbaijani\",\"ar\":\"\\u0623\\u0630\\u0631\\u0628\\u064a\\u062c\\u0627\\u0646\\u064a\"}', '2022-01-06 07:28:55', '2022-01-06 07:28:55'),
(17, '{\"en\":\"Bahamian\",\"ar\":\"\\u0628\\u0627\\u0647\\u0627\\u0645\\u064a\\u0633\\u064a\"}', '2022-01-06 07:28:55', '2022-01-06 07:28:55'),
(18, '{\"en\":\"Bahraini\",\"ar\":\"\\u0628\\u062d\\u0631\\u064a\\u0646\\u064a\"}', '2022-01-06 07:28:55', '2022-01-06 07:28:55'),
(19, '{\"en\":\"Bangladeshi\",\"ar\":\"\\u0628\\u0646\\u063a\\u0644\\u0627\\u062f\\u064a\\u0634\\u064a\"}', '2022-01-06 07:28:55', '2022-01-06 07:28:55'),
(20, '{\"en\":\"Barbadian\",\"ar\":\"\\u0628\\u0631\\u0628\\u0627\\u062f\\u0648\\u0633\\u064a\"}', '2022-01-06 07:28:55', '2022-01-06 07:28:55'),
(21, '{\"en\":\"Belarusian\",\"ar\":\"\\u0631\\u0648\\u0633\\u064a\"}', '2022-01-06 07:28:55', '2022-01-06 07:28:55'),
(22, '{\"en\":\"Belgian\",\"ar\":\"\\u0628\\u0644\\u062c\\u064a\\u0643\\u064a\"}', '2022-01-06 07:28:55', '2022-01-06 07:28:55'),
(23, '{\"en\":\"Belizean\",\"ar\":\"\\u0628\\u064a\\u0644\\u064a\\u0632\\u064a\"}', '2022-01-06 07:28:55', '2022-01-06 07:28:55'),
(24, '{\"en\":\"Beninese\",\"ar\":\"\\u0628\\u0646\\u064a\\u0646\\u064a\"}', '2022-01-06 07:28:55', '2022-01-06 07:28:55'),
(25, '{\"en\":\"Saint Barthelmian\",\"ar\":\"\\u0633\\u0627\\u0646 \\u0628\\u0627\\u0631\\u062a\\u064a\\u0644\\u0645\\u064a\"}', '2022-01-06 07:28:55', '2022-01-06 07:28:55'),
(26, '{\"en\":\"Bermudan\",\"ar\":\"\\u0628\\u0631\\u0645\\u0648\\u062f\\u064a\"}', '2022-01-06 07:28:55', '2022-01-06 07:28:55'),
(27, '{\"en\":\"Bhutanese\",\"ar\":\"\\u0628\\u0648\\u062a\\u0627\\u0646\\u064a\"}', '2022-01-06 07:28:55', '2022-01-06 07:28:55'),
(28, '{\"en\":\"Bolivian\",\"ar\":\"\\u0628\\u0648\\u0644\\u064a\\u0641\\u064a\"}', '2022-01-06 07:28:55', '2022-01-06 07:28:55'),
(29, '{\"en\":\"Bosnian \\/ Herzegovinian\",\"ar\":\"\\u0628\\u0648\\u0633\\u0646\\u064a\\/\\u0647\\u0631\\u0633\\u0643\\u064a\"}', '2022-01-06 07:28:55', '2022-01-06 07:28:55'),
(30, '{\"en\":\"Botswanan\",\"ar\":\"\\u0628\\u0648\\u062a\\u0633\\u0648\\u0627\\u0646\\u064a\"}', '2022-01-06 07:28:55', '2022-01-06 07:28:55'),
(31, '{\"en\":\"Bouvetian\",\"ar\":\"\\u0628\\u0648\\u0641\\u064a\\u0647\\u064a\"}', '2022-01-06 07:28:55', '2022-01-06 07:28:55'),
(32, '{\"en\":\"Brazilian\",\"ar\":\"\\u0628\\u0631\\u0627\\u0632\\u064a\\u0644\\u064a\"}', '2022-01-06 07:28:55', '2022-01-06 07:28:55'),
(33, '{\"en\":\"British Indian Ocean Territory\",\"ar\":\"\\u0625\\u0642\\u0644\\u064a\\u0645 \\u0627\\u0644\\u0645\\u062d\\u064a\\u0637 \\u0627\\u0644\\u0647\\u0646\\u062f\\u064a \\u0627\\u0644\\u0628\\u0631\\u064a\\u0637\\u0627\\u0646\\u064a\"}', '2022-01-06 07:28:55', '2022-01-06 07:28:55'),
(34, '{\"en\":\"Bruneian\",\"ar\":\"\\u0628\\u0631\\u0648\\u0646\\u064a\"}', '2022-01-06 07:28:55', '2022-01-06 07:28:55'),
(35, '{\"en\":\"Bulgarian\",\"ar\":\"\\u0628\\u0644\\u063a\\u0627\\u0631\\u064a\"}', '2022-01-06 07:28:55', '2022-01-06 07:28:55'),
(36, '{\"en\":\"Burkinabe\",\"ar\":\"\\u0628\\u0648\\u0631\\u0643\\u064a\\u0646\\u064a\"}', '2022-01-06 07:28:55', '2022-01-06 07:28:55'),
(37, '{\"en\":\"Burundian\",\"ar\":\"\\u0628\\u0648\\u0631\\u0648\\u0646\\u064a\\u062f\\u064a\"}', '2022-01-06 07:28:55', '2022-01-06 07:28:55'),
(38, '{\"en\":\"Cambodian\",\"ar\":\"\\u0643\\u0645\\u0628\\u0648\\u062f\\u064a\"}', '2022-01-06 07:28:55', '2022-01-06 07:28:55'),
(39, '{\"en\":\"Cameroonian\",\"ar\":\"\\u0643\\u0627\\u0645\\u064a\\u0631\\u0648\\u0646\\u064a\"}', '2022-01-06 07:28:55', '2022-01-06 07:28:55'),
(40, '{\"en\":\"Canadian\",\"ar\":\"\\u0643\\u0646\\u062f\\u064a\"}', '2022-01-06 07:28:55', '2022-01-06 07:28:55'),
(41, '{\"en\":\"Cape Verdean\",\"ar\":\"\\u0627\\u0644\\u0631\\u0623\\u0633 \\u0627\\u0644\\u0623\\u062e\\u0636\\u0631\"}', '2022-01-06 07:28:55', '2022-01-06 07:28:55'),
(42, '{\"en\":\"Caymanian\",\"ar\":\"\\u0643\\u0627\\u064a\\u0645\\u0627\\u0646\\u064a\"}', '2022-01-06 07:28:55', '2022-01-06 07:28:55'),
(43, '{\"en\":\"Central African\",\"ar\":\"\\u0623\\u0641\\u0631\\u064a\\u0642\\u064a\"}', '2022-01-06 07:28:55', '2022-01-06 07:28:55'),
(44, '{\"en\":\"Chadian\",\"ar\":\"\\u062a\\u0634\\u0627\\u062f\\u064a\"}', '2022-01-06 07:28:55', '2022-01-06 07:28:55'),
(45, '{\"en\":\"Chilean\",\"ar\":\"\\u0634\\u064a\\u0644\\u064a\"}', '2022-01-06 07:28:55', '2022-01-06 07:28:55'),
(46, '{\"en\":\"Chinese\",\"ar\":\"\\u0635\\u064a\\u0646\\u064a\"}', '2022-01-06 07:28:55', '2022-01-06 07:28:55'),
(47, '{\"en\":\"Christmas Islander\",\"ar\":\"\\u062c\\u0632\\u064a\\u0631\\u0629 \\u0639\\u064a\\u062f \\u0627\\u0644\\u0645\\u064a\\u0644\\u0627\\u062f\"}', '2022-01-06 07:28:55', '2022-01-06 07:28:55'),
(48, '{\"en\":\"Cocos Islander\",\"ar\":\"\\u062c\\u0632\\u0631 \\u0643\\u0648\\u0643\\u0648\\u0633\"}', '2022-01-06 07:28:55', '2022-01-06 07:28:55'),
(49, '{\"en\":\"Colombian\",\"ar\":\"\\u0643\\u0648\\u0644\\u0648\\u0645\\u0628\\u064a\"}', '2022-01-06 07:28:55', '2022-01-06 07:28:55'),
(50, '{\"en\":\"Comorian\",\"ar\":\"\\u062c\\u0632\\u0631 \\u0627\\u0644\\u0642\\u0645\\u0631\"}', '2022-01-06 07:28:55', '2022-01-06 07:28:55'),
(51, '{\"en\":\"Congolese\",\"ar\":\"\\u0643\\u0648\\u0646\\u063a\\u064a\"}', '2022-01-06 07:28:55', '2022-01-06 07:28:55'),
(52, '{\"en\":\"Cook Islander\",\"ar\":\"\\u062c\\u0632\\u0631 \\u0643\\u0648\\u0643\"}', '2022-01-06 07:28:55', '2022-01-06 07:28:55'),
(53, '{\"en\":\"Costa Rican\",\"ar\":\"\\u0643\\u0648\\u0633\\u062a\\u0627\\u0631\\u064a\\u0643\\u064a\"}', '2022-01-06 07:28:55', '2022-01-06 07:28:55'),
(54, '{\"en\":\"Croatian\",\"ar\":\"\\u0643\\u0648\\u0631\\u0627\\u062a\\u064a\"}', '2022-01-06 07:28:55', '2022-01-06 07:28:55'),
(55, '{\"en\":\"Cuban\",\"ar\":\"\\u0643\\u0648\\u0628\\u064a\"}', '2022-01-06 07:28:55', '2022-01-06 07:28:55'),
(56, '{\"en\":\"Cypriot\",\"ar\":\"\\u0642\\u0628\\u0631\\u0635\\u064a\"}', '2022-01-06 07:28:55', '2022-01-06 07:28:55'),
(57, '{\"en\":\"Curacian\",\"ar\":\"\\u0643\\u0648\\u0631\\u0627\\u0633\\u0627\\u0648\\u064a\"}', '2022-01-06 07:28:55', '2022-01-06 07:28:55'),
(58, '{\"en\":\"Czech\",\"ar\":\"\\u062a\\u0634\\u064a\\u0643\\u064a\"}', '2022-01-06 07:28:55', '2022-01-06 07:28:55'),
(59, '{\"en\":\"Danish\",\"ar\":\"\\u062f\\u0646\\u0645\\u0627\\u0631\\u0643\\u064a\"}', '2022-01-06 07:28:55', '2022-01-06 07:28:55'),
(60, '{\"en\":\"Djiboutian\",\"ar\":\"\\u062c\\u064a\\u0628\\u0648\\u062a\\u064a\"}', '2022-01-06 07:28:55', '2022-01-06 07:28:55'),
(61, '{\"en\":\"Dominican\",\"ar\":\"\\u062f\\u0648\\u0645\\u064a\\u0646\\u064a\\u0643\\u064a\"}', '2022-01-06 07:28:55', '2022-01-06 07:28:55'),
(62, '{\"en\":\"Dominican\",\"ar\":\"\\u062f\\u0648\\u0645\\u064a\\u0646\\u064a\\u0643\\u064a\"}', '2022-01-06 07:28:55', '2022-01-06 07:28:55'),
(63, '{\"en\":\"Ecuadorian\",\"ar\":\"\\u0625\\u0643\\u0648\\u0627\\u062f\\u0648\\u0631\\u064a\"}', '2022-01-06 07:28:55', '2022-01-06 07:28:55'),
(64, '{\"en\":\"Egyptian\",\"ar\":\"\\u0645\\u0635\\u0631\\u064a\"}', '2022-01-06 07:28:55', '2022-01-06 07:28:55'),
(65, '{\"en\":\"Salvadoran\",\"ar\":\"\\u0633\\u0644\\u0641\\u0627\\u062f\\u0648\\u0631\\u064a\"}', '2022-01-06 07:28:55', '2022-01-06 07:28:55'),
(66, '{\"en\":\"Equatorial Guinean\",\"ar\":\"\\u063a\\u064a\\u0646\\u064a\"}', '2022-01-06 07:28:55', '2022-01-06 07:28:55'),
(67, '{\"en\":\"Eritrean\",\"ar\":\"\\u0625\\u0631\\u064a\\u062a\\u064a\\u0631\\u064a\"}', '2022-01-06 07:28:55', '2022-01-06 07:28:55'),
(68, '{\"en\":\"Estonian\",\"ar\":\"\\u0627\\u0633\\u062a\\u0648\\u0646\\u064a\"}', '2022-01-06 07:28:55', '2022-01-06 07:28:55'),
(69, '{\"en\":\"Ethiopian\",\"ar\":\"\\u0623\\u062b\\u064a\\u0648\\u0628\\u064a\"}', '2022-01-06 07:28:55', '2022-01-06 07:28:55'),
(70, '{\"en\":\"Falkland Islander\",\"ar\":\"\\u0641\\u0648\\u0643\\u0644\\u0627\\u0646\\u062f\\u064a\"}', '2022-01-06 07:28:55', '2022-01-06 07:28:55'),
(71, '{\"en\":\"Faroese\",\"ar\":\"\\u062c\\u0632\\u0631 \\u0641\\u0627\\u0631\\u0648\"}', '2022-01-06 07:28:55', '2022-01-06 07:28:55'),
(72, '{\"en\":\"Fijian\",\"ar\":\"\\u0641\\u064a\\u062c\\u064a\"}', '2022-01-06 07:28:55', '2022-01-06 07:28:55'),
(73, '{\"en\":\"Finnish\",\"ar\":\"\\u0641\\u0646\\u0644\\u0646\\u062f\\u064a\"}', '2022-01-06 07:28:55', '2022-01-06 07:28:55'),
(74, '{\"en\":\"French\",\"ar\":\"\\u0641\\u0631\\u0646\\u0633\\u064a\"}', '2022-01-06 07:28:55', '2022-01-06 07:28:55'),
(75, '{\"en\":\"French Guianese\",\"ar\":\"\\u063a\\u0648\\u064a\\u0627\\u0646\\u0627 \\u0627\\u0644\\u0641\\u0631\\u0646\\u0633\\u064a\\u0629\"}', '2022-01-06 07:28:55', '2022-01-06 07:28:55'),
(76, '{\"en\":\"French Polynesian\",\"ar\":\"\\u0628\\u0648\\u0644\\u064a\\u0646\\u064a\\u0632\\u064a\\u064a\"}', '2022-01-06 07:28:55', '2022-01-06 07:28:55'),
(77, '{\"en\":\"French\",\"ar\":\"\\u0623\\u0631\\u0627\\u0636 \\u0641\\u0631\\u0646\\u0633\\u064a\\u0629 \\u062c\\u0646\\u0648\\u0628\\u064a\\u0629 \\u0648\\u0623\\u0646\\u062a\\u0627\\u0631\\u062a\\u064a\\u0643\\u064a\\u0629\"}', '2022-01-06 07:28:55', '2022-01-06 07:28:55'),
(78, '{\"en\":\"Gabonese\",\"ar\":\"\\u063a\\u0627\\u0628\\u0648\\u0646\\u064a\"}', '2022-01-06 07:28:55', '2022-01-06 07:28:55'),
(79, '{\"en\":\"Gambian\",\"ar\":\"\\u063a\\u0627\\u0645\\u0628\\u064a\"}', '2022-01-06 07:28:55', '2022-01-06 07:28:55'),
(80, '{\"en\":\"Georgian\",\"ar\":\"\\u062c\\u064a\\u0648\\u0631\\u062c\\u064a\"}', '2022-01-06 07:28:55', '2022-01-06 07:28:55'),
(81, '{\"en\":\"German\",\"ar\":\"\\u0623\\u0644\\u0645\\u0627\\u0646\\u064a\"}', '2022-01-06 07:28:55', '2022-01-06 07:28:55'),
(82, '{\"en\":\"Ghanaian\",\"ar\":\"\\u063a\\u0627\\u0646\\u064a\"}', '2022-01-06 07:28:55', '2022-01-06 07:28:55'),
(83, '{\"en\":\"Gibraltar\",\"ar\":\"\\u062c\\u0628\\u0644 \\u0637\\u0627\\u0631\\u0642\"}', '2022-01-06 07:28:55', '2022-01-06 07:28:55'),
(84, '{\"en\":\"Guernsian\",\"ar\":\"\\u063a\\u064a\\u0631\\u0646\\u0632\\u064a\"}', '2022-01-06 07:28:55', '2022-01-06 07:28:55'),
(85, '{\"en\":\"Greek\",\"ar\":\"\\u064a\\u0648\\u0646\\u0627\\u0646\\u064a\"}', '2022-01-06 07:28:55', '2022-01-06 07:28:55'),
(86, '{\"en\":\"Greenlandic\",\"ar\":\"\\u062c\\u0631\\u064a\\u0646\\u0644\\u0627\\u0646\\u062f\\u064a\"}', '2022-01-06 07:28:55', '2022-01-06 07:28:55'),
(87, '{\"en\":\"Grenadian\",\"ar\":\"\\u063a\\u0631\\u064a\\u0646\\u0627\\u062f\\u064a\"}', '2022-01-06 07:28:55', '2022-01-06 07:28:55'),
(88, '{\"en\":\"Guadeloupe\",\"ar\":\"\\u062c\\u0632\\u0631 \\u062c\\u0648\\u0627\\u062f\\u0644\\u0648\\u0628\"}', '2022-01-06 07:28:55', '2022-01-06 07:28:55'),
(89, '{\"en\":\"Guamanian\",\"ar\":\"\\u062c\\u0648\\u0627\\u0645\\u064a\"}', '2022-01-06 07:28:55', '2022-01-06 07:28:55'),
(90, '{\"en\":\"Guatemalan\",\"ar\":\"\\u063a\\u0648\\u0627\\u062a\\u064a\\u0645\\u0627\\u0644\\u064a\"}', '2022-01-06 07:28:55', '2022-01-06 07:28:55'),
(91, '{\"en\":\"Guinean\",\"ar\":\"\\u063a\\u064a\\u0646\\u064a\"}', '2022-01-06 07:28:55', '2022-01-06 07:28:55'),
(92, '{\"en\":\"Guinea-Bissauan\",\"ar\":\"\\u063a\\u064a\\u0646\\u064a\"}', '2022-01-06 07:28:55', '2022-01-06 07:28:55'),
(93, '{\"en\":\"Guyanese\",\"ar\":\"\\u063a\\u064a\\u0627\\u0646\\u064a\"}', '2022-01-06 07:28:55', '2022-01-06 07:28:55'),
(94, '{\"en\":\"Haitian\",\"ar\":\"\\u0647\\u0627\\u064a\\u062a\\u064a\"}', '2022-01-06 07:28:55', '2022-01-06 07:28:55'),
(95, '{\"en\":\"Heard and Mc Donald Islanders\",\"ar\":\"\\u062c\\u0632\\u064a\\u0631\\u0629 \\u0647\\u064a\\u0631\\u062f \\u0648\\u062c\\u0632\\u0631 \\u0645\\u0627\\u0643\\u062f\\u0648\\u0646\\u0627\\u0644\\u062f\"}', '2022-01-06 07:28:55', '2022-01-06 07:28:55'),
(96, '{\"en\":\"Honduran\",\"ar\":\"\\u0647\\u0646\\u062f\\u0648\\u0631\\u0627\\u0633\\u064a\"}', '2022-01-06 07:28:55', '2022-01-06 07:28:55'),
(97, '{\"en\":\"Hongkongese\",\"ar\":\"\\u0647\\u0648\\u0646\\u063a \\u0643\\u0648\\u0646\\u063a\\u064a\"}', '2022-01-06 07:28:55', '2022-01-06 07:28:55'),
(98, '{\"en\":\"Hungarian\",\"ar\":\"\\u0645\\u062c\\u0631\\u064a\"}', '2022-01-06 07:28:55', '2022-01-06 07:28:55'),
(99, '{\"en\":\"Icelandic\",\"ar\":\"\\u0622\\u064a\\u0633\\u0644\\u0646\\u062f\\u064a\"}', '2022-01-06 07:28:55', '2022-01-06 07:28:55'),
(100, '{\"en\":\"Indian\",\"ar\":\"\\u0647\\u0646\\u062f\\u064a\"}', '2022-01-06 07:28:55', '2022-01-06 07:28:55'),
(101, '{\"en\":\"Manx\",\"ar\":\"\\u0645\\u0627\\u0646\\u064a\"}', '2022-01-06 07:28:55', '2022-01-06 07:28:55'),
(102, '{\"en\":\"Indonesian\",\"ar\":\"\\u0623\\u0646\\u062f\\u0648\\u0646\\u064a\\u0633\\u064a\\u064a\"}', '2022-01-06 07:28:55', '2022-01-06 07:28:55'),
(103, '{\"en\":\"Iranian\",\"ar\":\"\\u0625\\u064a\\u0631\\u0627\\u0646\\u064a\"}', '2022-01-06 07:28:55', '2022-01-06 07:28:55'),
(104, '{\"en\":\"Iraqi\",\"ar\":\"\\u0639\\u0631\\u0627\\u0642\\u064a\"}', '2022-01-06 07:28:55', '2022-01-06 07:28:55'),
(105, '{\"en\":\"Irish\",\"ar\":\"\\u0625\\u064a\\u0631\\u0644\\u0646\\u062f\\u064a\"}', '2022-01-06 07:28:55', '2022-01-06 07:28:55'),
(106, '{\"en\":\"Italian\",\"ar\":\"\\u0625\\u064a\\u0637\\u0627\\u0644\\u064a\"}', '2022-01-06 07:28:55', '2022-01-06 07:28:55'),
(107, '{\"en\":\"Ivory Coastian\",\"ar\":\"\\u0633\\u0627\\u062d\\u0644 \\u0627\\u0644\\u0639\\u0627\\u062c\"}', '2022-01-06 07:28:55', '2022-01-06 07:28:55'),
(108, '{\"en\":\"Jersian\",\"ar\":\"\\u062c\\u064a\\u0631\\u0632\\u064a\"}', '2022-01-06 07:28:55', '2022-01-06 07:28:55'),
(109, '{\"en\":\"Jamaican\",\"ar\":\"\\u062c\\u0645\\u0627\\u064a\\u0643\\u064a\"}', '2022-01-06 07:28:55', '2022-01-06 07:28:55'),
(110, '{\"en\":\"Japanese\",\"ar\":\"\\u064a\\u0627\\u0628\\u0627\\u0646\\u064a\"}', '2022-01-06 07:28:55', '2022-01-06 07:28:55'),
(111, '{\"en\":\"Jordanian\",\"ar\":\"\\u0623\\u0631\\u062f\\u0646\\u064a\"}', '2022-01-06 07:28:55', '2022-01-06 07:28:55'),
(112, '{\"en\":\"Kazakh\",\"ar\":\"\\u0643\\u0627\\u0632\\u0627\\u062e\\u0633\\u062a\\u0627\\u0646\\u064a\"}', '2022-01-06 07:28:55', '2022-01-06 07:28:55'),
(113, '{\"en\":\"Kenyan\",\"ar\":\"\\u0643\\u064a\\u0646\\u064a\"}', '2022-01-06 07:28:55', '2022-01-06 07:28:55'),
(114, '{\"en\":\"I-Kiribati\",\"ar\":\"\\u0643\\u064a\\u0631\\u064a\\u0628\\u0627\\u062a\\u064a\"}', '2022-01-06 07:28:55', '2022-01-06 07:28:55'),
(115, '{\"en\":\"North Korean\",\"ar\":\"\\u0643\\u0648\\u0631\\u064a\"}', '2022-01-06 07:28:55', '2022-01-06 07:28:55'),
(116, '{\"en\":\"South Korean\",\"ar\":\"\\u0643\\u0648\\u0631\\u064a\"}', '2022-01-06 07:28:55', '2022-01-06 07:28:55'),
(117, '{\"en\":\"Kosovar\",\"ar\":\"\\u0643\\u0648\\u0633\\u064a\\u0641\\u064a\"}', '2022-01-06 07:28:55', '2022-01-06 07:28:55'),
(118, '{\"en\":\"Kuwaiti\",\"ar\":\"\\u0643\\u0648\\u064a\\u062a\\u064a\"}', '2022-01-06 07:28:55', '2022-01-06 07:28:55'),
(119, '{\"en\":\"Kyrgyzstani\",\"ar\":\"\\u0642\\u064a\\u0631\\u063a\\u064a\\u0632\\u0633\\u062a\\u0627\\u0646\\u064a\"}', '2022-01-06 07:28:55', '2022-01-06 07:28:55'),
(120, '{\"en\":\"Laotian\",\"ar\":\"\\u0644\\u0627\\u0648\\u0633\\u064a\"}', '2022-01-06 07:28:55', '2022-01-06 07:28:55'),
(121, '{\"en\":\"Latvian\",\"ar\":\"\\u0644\\u0627\\u062a\\u064a\\u0641\\u064a\"}', '2022-01-06 07:28:55', '2022-01-06 07:28:55'),
(122, '{\"en\":\"Lebanese\",\"ar\":\"\\u0644\\u0628\\u0646\\u0627\\u0646\\u064a\"}', '2022-01-06 07:28:55', '2022-01-06 07:28:55'),
(123, '{\"en\":\"Basotho\",\"ar\":\"\\u0644\\u064a\\u0648\\u0633\\u064a\\u062a\\u064a\"}', '2022-01-06 07:28:55', '2022-01-06 07:28:55'),
(124, '{\"en\":\"Liberian\",\"ar\":\"\\u0644\\u064a\\u0628\\u064a\\u0631\\u064a\"}', '2022-01-06 07:28:55', '2022-01-06 07:28:55'),
(125, '{\"en\":\"Libyan\",\"ar\":\"\\u0644\\u064a\\u0628\\u064a\"}', '2022-01-06 07:28:55', '2022-01-06 07:28:55'),
(126, '{\"en\":\"Liechtenstein\",\"ar\":\"\\u0644\\u064a\\u062e\\u062a\\u0646\\u0634\\u062a\\u064a\\u0646\\u064a\"}', '2022-01-06 07:28:55', '2022-01-06 07:28:55'),
(127, '{\"en\":\"Lithuanian\",\"ar\":\"\\u0644\\u062a\\u0648\\u0627\\u0646\\u064a\\u064a\"}', '2022-01-06 07:28:55', '2022-01-06 07:28:55'),
(128, '{\"en\":\"Luxembourger\",\"ar\":\"\\u0644\\u0648\\u0643\\u0633\\u0645\\u0628\\u0648\\u0631\\u063a\\u064a\"}', '2022-01-06 07:28:55', '2022-01-06 07:28:55'),
(129, '{\"en\":\"Sri Lankian\",\"ar\":\"\\u0633\\u0631\\u064a\\u0644\\u0627\\u0646\\u0643\\u064a\"}', '2022-01-06 07:28:55', '2022-01-06 07:28:55'),
(130, '{\"en\":\"Macanese\",\"ar\":\"\\u0645\\u0627\\u0643\\u0627\\u0648\\u064a\"}', '2022-01-06 07:28:55', '2022-01-06 07:28:55'),
(131, '{\"en\":\"Macedonian\",\"ar\":\"\\u0645\\u0642\\u062f\\u0648\\u0646\\u064a\"}', '2022-01-06 07:28:55', '2022-01-06 07:28:55'),
(132, '{\"en\":\"Malagasy\",\"ar\":\"\\u0645\\u062f\\u063a\\u0634\\u0642\\u0631\\u064a\"}', '2022-01-06 07:28:55', '2022-01-06 07:28:55'),
(133, '{\"en\":\"Malawian\",\"ar\":\"\\u0645\\u0627\\u0644\\u0627\\u0648\\u064a\"}', '2022-01-06 07:28:55', '2022-01-06 07:28:55'),
(134, '{\"en\":\"Malaysian\",\"ar\":\"\\u0645\\u0627\\u0644\\u064a\\u0632\\u064a\"}', '2022-01-06 07:28:55', '2022-01-06 07:28:55'),
(135, '{\"en\":\"Maldivian\",\"ar\":\"\\u0645\\u0627\\u0644\\u062f\\u064a\\u0641\\u064a\"}', '2022-01-06 07:28:55', '2022-01-06 07:28:55'),
(136, '{\"en\":\"Malian\",\"ar\":\"\\u0645\\u0627\\u0644\\u064a\"}', '2022-01-06 07:28:55', '2022-01-06 07:28:55'),
(137, '{\"en\":\"Maltese\",\"ar\":\"\\u0645\\u0627\\u0644\\u0637\\u064a\"}', '2022-01-06 07:28:55', '2022-01-06 07:28:55'),
(138, '{\"en\":\"Marshallese\",\"ar\":\"\\u0645\\u0627\\u0631\\u0634\\u0627\\u0644\\u064a\"}', '2022-01-06 07:28:55', '2022-01-06 07:28:55'),
(139, '{\"en\":\"Martiniquais\",\"ar\":\"\\u0645\\u0627\\u0631\\u062a\\u064a\\u0646\\u064a\\u0643\\u064a\"}', '2022-01-06 07:28:55', '2022-01-06 07:28:55'),
(140, '{\"en\":\"Mauritanian\",\"ar\":\"\\u0645\\u0648\\u0631\\u064a\\u062a\\u0627\\u0646\\u064a\\u064a\"}', '2022-01-06 07:28:55', '2022-01-06 07:28:55'),
(141, '{\"en\":\"Mauritian\",\"ar\":\"\\u0645\\u0648\\u0631\\u064a\\u0634\\u064a\\u0648\\u0633\\u064a\"}', '2022-01-06 07:28:55', '2022-01-06 07:28:55'),
(142, '{\"en\":\"Mahoran\",\"ar\":\"\\u0645\\u0627\\u064a\\u0648\\u062a\\u064a\"}', '2022-01-06 07:28:55', '2022-01-06 07:28:55'),
(143, '{\"en\":\"Mexican\",\"ar\":\"\\u0645\\u0643\\u0633\\u064a\\u0643\\u064a\"}', '2022-01-06 07:28:55', '2022-01-06 07:28:55'),
(144, '{\"en\":\"Micronesian\",\"ar\":\"\\u0645\\u0627\\u064a\\u0643\\u0631\\u0648\\u0646\\u064a\\u0632\\u064a\\u064a\"}', '2022-01-06 07:28:55', '2022-01-06 07:28:55'),
(145, '{\"en\":\"Moldovan\",\"ar\":\"\\u0645\\u0648\\u0644\\u062f\\u064a\\u0641\\u064a\"}', '2022-01-06 07:28:55', '2022-01-06 07:28:55'),
(146, '{\"en\":\"Monacan\",\"ar\":\"\\u0645\\u0648\\u0646\\u064a\\u0643\\u064a\"}', '2022-01-06 07:28:55', '2022-01-06 07:28:55'),
(147, '{\"en\":\"Mongolian\",\"ar\":\"\\u0645\\u0646\\u063a\\u0648\\u0644\\u064a\"}', '2022-01-06 07:28:55', '2022-01-06 07:28:55'),
(148, '{\"en\":\"Montenegrin\",\"ar\":\"\\u0627\\u0644\\u062c\\u0628\\u0644 \\u0627\\u0644\\u0623\\u0633\\u0648\\u062f\"}', '2022-01-06 07:28:55', '2022-01-06 07:28:55'),
(149, '{\"en\":\"Montserratian\",\"ar\":\"\\u0645\\u0648\\u0646\\u062a\\u0633\\u064a\\u0631\\u0627\\u062a\\u064a\"}', '2022-01-06 07:28:55', '2022-01-06 07:28:55'),
(150, '{\"en\":\"Moroccan\",\"ar\":\"\\u0645\\u063a\\u0631\\u0628\\u064a\"}', '2022-01-06 07:28:55', '2022-01-06 07:28:55'),
(151, '{\"en\":\"Mozambican\",\"ar\":\"\\u0645\\u0648\\u0632\\u0645\\u0628\\u064a\\u0642\\u064a\"}', '2022-01-06 07:28:55', '2022-01-06 07:28:55'),
(152, '{\"en\":\"Myanmarian\",\"ar\":\"\\u0645\\u064a\\u0627\\u0646\\u0645\\u0627\\u0631\\u064a\"}', '2022-01-06 07:28:55', '2022-01-06 07:28:55'),
(153, '{\"en\":\"Namibian\",\"ar\":\"\\u0646\\u0627\\u0645\\u064a\\u0628\\u064a\"}', '2022-01-06 07:28:55', '2022-01-06 07:28:55'),
(154, '{\"en\":\"Nauruan\",\"ar\":\"\\u0646\\u0648\\u0631\\u064a\"}', '2022-01-06 07:28:55', '2022-01-06 07:28:55'),
(155, '{\"en\":\"Nepalese\",\"ar\":\"\\u0646\\u064a\\u0628\\u0627\\u0644\\u064a\"}', '2022-01-06 07:28:55', '2022-01-06 07:28:55'),
(156, '{\"en\":\"Dutch\",\"ar\":\"\\u0647\\u0648\\u0644\\u0646\\u062f\\u064a\"}', '2022-01-06 07:28:55', '2022-01-06 07:28:55'),
(157, '{\"en\":\"Dutch Antilier\",\"ar\":\"\\u0647\\u0648\\u0644\\u0646\\u062f\\u064a\"}', '2022-01-06 07:28:55', '2022-01-06 07:28:55'),
(158, '{\"en\":\"New Caledonian\",\"ar\":\"\\u0643\\u0627\\u0644\\u064a\\u062f\\u0648\\u0646\\u064a\"}', '2022-01-06 07:28:55', '2022-01-06 07:28:55'),
(159, '{\"en\":\"New Zealander\",\"ar\":\"\\u0646\\u064a\\u0648\\u0632\\u064a\\u0644\\u0646\\u062f\\u064a\"}', '2022-01-06 07:28:55', '2022-01-06 07:28:55'),
(160, '{\"en\":\"Nicaraguan\",\"ar\":\"\\u0646\\u064a\\u0643\\u0627\\u0631\\u0627\\u062c\\u0648\\u064a\"}', '2022-01-06 07:28:55', '2022-01-06 07:28:55'),
(161, '{\"en\":\"Nigerien\",\"ar\":\"\\u0646\\u064a\\u062c\\u064a\\u0631\\u064a\"}', '2022-01-06 07:28:55', '2022-01-06 07:28:55'),
(162, '{\"en\":\"Nigerian\",\"ar\":\"\\u0646\\u064a\\u062c\\u064a\\u0631\\u064a\"}', '2022-01-06 07:28:55', '2022-01-06 07:28:55'),
(163, '{\"en\":\"Niuean\",\"ar\":\"\\u0646\\u064a\"}', '2022-01-06 07:28:55', '2022-01-06 07:28:55'),
(164, '{\"en\":\"Norfolk Islander\",\"ar\":\"\\u0646\\u0648\\u0631\\u0641\\u0648\\u0644\\u064a\\u0643\\u064a\"}', '2022-01-06 07:28:55', '2022-01-06 07:28:55'),
(165, '{\"en\":\"Northern Marianan\",\"ar\":\"\\u0645\\u0627\\u0631\\u064a\\u0646\\u064a\"}', '2022-01-06 07:28:55', '2022-01-06 07:28:55'),
(166, '{\"en\":\"Norwegian\",\"ar\":\"\\u0646\\u0631\\u0648\\u064a\\u062c\\u064a\"}', '2022-01-06 07:28:55', '2022-01-06 07:28:55'),
(167, '{\"en\":\"Omani\",\"ar\":\"\\u0639\\u0645\\u0627\\u0646\\u064a\"}', '2022-01-06 07:28:55', '2022-01-06 07:28:55'),
(168, '{\"en\":\"Pakistani\",\"ar\":\"\\u0628\\u0627\\u0643\\u0633\\u062a\\u0627\\u0646\\u064a\"}', '2022-01-06 07:28:55', '2022-01-06 07:28:55'),
(169, '{\"en\":\"Palauan\",\"ar\":\"\\u0628\\u0627\\u0644\\u0627\\u0648\\u064a\"}', '2022-01-06 07:28:55', '2022-01-06 07:28:55'),
(170, '{\"en\":\"Palestinian\",\"ar\":\"\\u0641\\u0644\\u0633\\u0637\\u064a\\u0646\\u064a\"}', '2022-01-06 07:28:55', '2022-01-06 07:28:55'),
(171, '{\"en\":\"Panamanian\",\"ar\":\"\\u0628\\u0646\\u0645\\u064a\"}', '2022-01-06 07:28:55', '2022-01-06 07:28:55'),
(172, '{\"en\":\"Papua New Guinean\",\"ar\":\"\\u0628\\u0627\\u0628\\u0648\\u064a\"}', '2022-01-06 07:28:55', '2022-01-06 07:28:55'),
(173, '{\"en\":\"Paraguayan\",\"ar\":\"\\u0628\\u0627\\u0631\\u063a\\u0627\\u0648\\u064a\"}', '2022-01-06 07:28:55', '2022-01-06 07:28:55'),
(174, '{\"en\":\"Peruvian\",\"ar\":\"\\u0628\\u064a\\u0631\\u064a\"}', '2022-01-06 07:28:55', '2022-01-06 07:28:55'),
(175, '{\"en\":\"Filipino\",\"ar\":\"\\u0641\\u0644\\u0628\\u064a\\u0646\\u064a\"}', '2022-01-06 07:28:55', '2022-01-06 07:28:55'),
(176, '{\"en\":\"Pitcairn Islander\",\"ar\":\"\\u0628\\u064a\\u062a\\u0643\\u064a\\u0631\\u0646\\u064a\"}', '2022-01-06 07:28:55', '2022-01-06 07:28:55'),
(177, '{\"en\":\"Polish\",\"ar\":\"\\u0628\\u0648\\u0644\\u064a\\u0646\\u064a\"}', '2022-01-06 07:28:55', '2022-01-06 07:28:55'),
(178, '{\"en\":\"Portuguese\",\"ar\":\"\\u0628\\u0631\\u062a\\u063a\\u0627\\u0644\\u064a\"}', '2022-01-06 07:28:55', '2022-01-06 07:28:55'),
(179, '{\"en\":\"Puerto Rican\",\"ar\":\"\\u0628\\u0648\\u0631\\u062a\\u064a\"}', '2022-01-06 07:28:55', '2022-01-06 07:28:55'),
(180, '{\"en\":\"Qatari\",\"ar\":\"\\u0642\\u0637\\u0631\\u064a\"}', '2022-01-06 07:28:55', '2022-01-06 07:28:55'),
(181, '{\"en\":\"Reunionese\",\"ar\":\"\\u0631\\u064a\\u0648\\u0646\\u064a\\u0648\\u0646\\u064a\"}', '2022-01-06 07:28:55', '2022-01-06 07:28:55'),
(182, '{\"en\":\"Romanian\",\"ar\":\"\\u0631\\u0648\\u0645\\u0627\\u0646\\u064a\"}', '2022-01-06 07:28:55', '2022-01-06 07:28:55'),
(183, '{\"en\":\"Russian\",\"ar\":\"\\u0631\\u0648\\u0633\\u064a\"}', '2022-01-06 07:28:55', '2022-01-06 07:28:55'),
(184, '{\"en\":\"Rwandan\",\"ar\":\"\\u0631\\u0648\\u0627\\u0646\\u062f\\u0627\"}', '2022-01-06 07:28:55', '2022-01-06 07:28:55'),
(185, '{\"ar\":\"Kittitian\\/Nevisian\"}', '2022-01-06 07:28:55', '2022-01-06 07:28:55'),
(186, '{\"en\":\"St. Martian(French)\",\"ar\":\"\\u0633\\u0627\\u064a\\u0646\\u062a \\u0645\\u0627\\u0631\\u062a\\u0646\\u064a \\u0641\\u0631\\u0646\\u0633\\u064a\"}', '2022-01-06 07:28:55', '2022-01-06 07:28:55'),
(187, '{\"en\":\"St. Martian(Dutch)\",\"ar\":\"\\u0633\\u0627\\u064a\\u0646\\u062a \\u0645\\u0627\\u0631\\u062a\\u0646\\u064a \\u0647\\u0648\\u0644\\u0646\\u062f\\u064a\"}', '2022-01-06 07:28:55', '2022-01-06 07:28:55'),
(188, '{\"en\":\"St. Pierre and Miquelon\",\"ar\":\"\\u0633\\u0627\\u0646 \\u0628\\u064a\\u064a\\u0631 \\u0648\\u0645\\u064a\\u0643\\u0644\\u0648\\u0646\\u064a\"}', '2022-01-06 07:28:55', '2022-01-06 07:28:55'),
(189, '{\"en\":\"Saint Vincent and the Grenadines\",\"ar\":\"\\u0633\\u0627\\u0646\\u062a \\u0641\\u0646\\u0633\\u0646\\u062a \\u0648\\u062c\\u0632\\u0631 \\u063a\\u0631\\u064a\\u0646\\u0627\\u062f\\u064a\\u0646\"}', '2022-01-06 07:28:55', '2022-01-06 07:28:55'),
(190, '{\"en\":\"Samoan\",\"ar\":\"\\u0633\\u0627\\u0645\\u0648\\u064a\"}', '2022-01-06 07:28:55', '2022-01-06 07:28:55'),
(191, '{\"en\":\"Sammarinese\",\"ar\":\"\\u0645\\u0627\\u0631\\u064a\\u0646\\u064a\"}', '2022-01-06 07:28:55', '2022-01-06 07:28:55'),
(192, '{\"en\":\"Sao Tomean\",\"ar\":\"\\u0633\\u0627\\u0648 \\u062a\\u0648\\u0645\\u064a \\u0648\\u0628\\u0631\\u064a\\u0646\\u0633\\u064a\\u0628\\u064a\"}', '2022-01-06 07:28:55', '2022-01-06 07:28:55'),
(193, '{\"en\":\"Saudi Arabian\",\"ar\":\"\\u0633\\u0639\\u0648\\u062f\\u064a\"}', '2022-01-06 07:28:55', '2022-01-06 07:28:55'),
(194, '{\"en\":\"Senegalese\",\"ar\":\"\\u0633\\u0646\\u063a\\u0627\\u0644\\u064a\"}', '2022-01-06 07:28:55', '2022-01-06 07:28:55'),
(195, '{\"en\":\"Serbian\",\"ar\":\"\\u0635\\u0631\\u0628\\u064a\"}', '2022-01-06 07:28:55', '2022-01-06 07:28:55'),
(196, '{\"en\":\"Seychellois\",\"ar\":\"\\u0633\\u064a\\u0634\\u064a\\u0644\\u064a\"}', '2022-01-06 07:28:55', '2022-01-06 07:28:55'),
(197, '{\"en\":\"Sierra Leonean\",\"ar\":\"\\u0633\\u064a\\u0631\\u0627\\u0644\\u064a\\u0648\\u0646\\u064a\"}', '2022-01-06 07:28:55', '2022-01-06 07:28:55'),
(198, '{\"en\":\"Singaporean\",\"ar\":\"\\u0633\\u0646\\u063a\\u0627\\u0641\\u0648\\u0631\\u064a\"}', '2022-01-06 07:28:55', '2022-01-06 07:28:55'),
(199, '{\"en\":\"Slovak\",\"ar\":\"\\u0633\\u0648\\u0644\\u0641\\u0627\\u0643\\u064a\"}', '2022-01-06 07:28:55', '2022-01-06 07:28:55'),
(200, '{\"en\":\"Slovenian\",\"ar\":\"\\u0633\\u0648\\u0644\\u0641\\u064a\\u0646\\u064a\"}', '2022-01-06 07:28:55', '2022-01-06 07:28:55'),
(201, '{\"en\":\"Solomon Island\",\"ar\":\"\\u062c\\u0632\\u0631 \\u0633\\u0644\\u064a\\u0645\\u0627\\u0646\"}', '2022-01-06 07:28:55', '2022-01-06 07:28:55'),
(202, '{\"en\":\"Somali\",\"ar\":\"\\u0635\\u0648\\u0645\\u0627\\u0644\\u064a\"}', '2022-01-06 07:28:55', '2022-01-06 07:28:55'),
(203, '{\"en\":\"South African\",\"ar\":\"\\u0623\\u0641\\u0631\\u064a\\u0642\\u064a\"}', '2022-01-06 07:28:55', '2022-01-06 07:28:55'),
(204, '{\"en\":\"South Georgia and the South Sandwich\",\"ar\":\"\\u0644\\u0645\\u0646\\u0637\\u0642\\u0629 \\u0627\\u0644\\u0642\\u0637\\u0628\\u064a\\u0629 \\u0627\\u0644\\u062c\\u0646\\u0648\\u0628\\u064a\\u0629\"}', '2022-01-06 07:28:55', '2022-01-06 07:28:55'),
(205, '{\"en\":\"South Sudanese\",\"ar\":\"\\u0633\\u0648\\u0627\\u062f\\u0646\\u064a \\u062c\\u0646\\u0648\\u0628\\u064a\"}', '2022-01-06 07:28:55', '2022-01-06 07:28:55'),
(206, '{\"en\":\"Spanish\",\"ar\":\"\\u0625\\u0633\\u0628\\u0627\\u0646\\u064a\"}', '2022-01-06 07:28:55', '2022-01-06 07:28:55'),
(207, '{\"en\":\"St. Helenian\",\"ar\":\"\\u0647\\u064a\\u0644\\u0627\\u0646\\u064a\"}', '2022-01-06 07:28:55', '2022-01-06 07:28:55'),
(208, '{\"en\":\"Sudanese\",\"ar\":\"\\u0633\\u0648\\u062f\\u0627\\u0646\\u064a\"}', '2022-01-06 07:28:55', '2022-01-06 07:28:55'),
(209, '{\"en\":\"Surinamese\",\"ar\":\"\\u0633\\u0648\\u0631\\u064a\\u0646\\u0627\\u0645\\u064a\"}', '2022-01-06 07:28:55', '2022-01-06 07:28:55'),
(210, '{\"en\":\"Svalbardian\\/Jan Mayenian\",\"ar\":\"\\u0633\\u0641\\u0627\\u0644\\u0628\\u0627\\u0631\\u062f \\u0648\\u064a\\u0627\\u0646 \\u0645\\u0627\\u064a\\u0646\"}', '2022-01-06 07:28:55', '2022-01-06 07:28:55'),
(211, '{\"en\":\"Swazi\",\"ar\":\"\\u0633\\u0648\\u0627\\u0632\\u064a\\u0644\\u0646\\u062f\\u064a\"}', '2022-01-06 07:28:55', '2022-01-06 07:28:55'),
(212, '{\"en\":\"Swedish\",\"ar\":\"\\u0633\\u0648\\u064a\\u062f\\u064a\"}', '2022-01-06 07:28:55', '2022-01-06 07:28:55'),
(213, '{\"en\":\"Swiss\",\"ar\":\"\\u0633\\u0648\\u064a\\u0633\\u0631\\u064a\"}', '2022-01-06 07:28:55', '2022-01-06 07:28:55'),
(214, '{\"en\":\"Syrian\",\"ar\":\"\\u0633\\u0648\\u0631\\u064a\"}', '2022-01-06 07:28:56', '2022-01-06 07:28:56'),
(215, '{\"en\":\"Taiwanese\",\"ar\":\"\\u062a\\u0627\\u064a\\u0648\\u0627\\u0646\\u064a\"}', '2022-01-06 07:28:56', '2022-01-06 07:28:56'),
(216, '{\"en\":\"Tajikistani\",\"ar\":\"\\u0637\\u0627\\u062c\\u064a\\u0643\\u0633\\u062a\\u0627\\u0646\\u064a\"}', '2022-01-06 07:28:56', '2022-01-06 07:28:56'),
(217, '{\"en\":\"Tanzanian\",\"ar\":\"\\u062a\\u0646\\u0632\\u0627\\u0646\\u064a\\u064a\"}', '2022-01-06 07:28:56', '2022-01-06 07:28:56'),
(218, '{\"en\":\"Thai\",\"ar\":\"\\u062a\\u0627\\u064a\\u0644\\u0646\\u062f\\u064a\"}', '2022-01-06 07:28:56', '2022-01-06 07:28:56'),
(219, '{\"en\":\"Timor-Lestian\",\"ar\":\"\\u062a\\u064a\\u0645\\u0648\\u0631\\u064a\"}', '2022-01-06 07:28:56', '2022-01-06 07:28:56'),
(220, '{\"en\":\"Togolese\",\"ar\":\"\\u062a\\u0648\\u063a\\u064a\"}', '2022-01-06 07:28:56', '2022-01-06 07:28:56'),
(221, '{\"en\":\"Tokelaian\",\"ar\":\"\\u062a\\u0648\\u0643\\u064a\\u0644\\u0627\\u0648\\u064a\"}', '2022-01-06 07:28:56', '2022-01-06 07:28:56'),
(222, '{\"en\":\"Tongan\",\"ar\":\"\\u062a\\u0648\\u0646\\u063a\\u064a\"}', '2022-01-06 07:28:56', '2022-01-06 07:28:56'),
(223, '{\"en\":\"Trinidadian\\/Tobagonian\",\"ar\":\"\\u062a\\u0631\\u064a\\u0646\\u064a\\u062f\\u0627\\u062f \\u0648\\u062a\\u0648\\u0628\\u0627\\u063a\\u0648\"}', '2022-01-06 07:28:56', '2022-01-06 07:28:56'),
(224, '{\"en\":\"Tunisian\",\"ar\":\"\\u062a\\u0648\\u0646\\u0633\\u064a\"}', '2022-01-06 07:28:56', '2022-01-06 07:28:56'),
(225, '{\"en\":\"Turkish\",\"ar\":\"\\u062a\\u0631\\u0643\\u064a\"}', '2022-01-06 07:28:56', '2022-01-06 07:28:56'),
(226, '{\"en\":\"Turkmen\",\"ar\":\"\\u062a\\u0631\\u0643\\u0645\\u0627\\u0646\\u0633\\u062a\\u0627\\u0646\\u064a\"}', '2022-01-06 07:28:56', '2022-01-06 07:28:56'),
(227, '{\"en\":\"Turks and Caicos Islands\",\"ar\":\"\\u062c\\u0632\\u0631 \\u062a\\u0648\\u0631\\u0643\\u0633 \\u0648\\u0643\\u0627\\u064a\\u0643\\u0648\\u0633\"}', '2022-01-06 07:28:56', '2022-01-06 07:28:56'),
(228, '{\"en\":\"Tuvaluan\",\"ar\":\"\\u062a\\u0648\\u0641\\u0627\\u0644\\u064a\"}', '2022-01-06 07:28:56', '2022-01-06 07:28:56'),
(229, '{\"en\":\"Ugandan\",\"ar\":\"\\u0623\\u0648\\u063a\\u0646\\u062f\\u064a\"}', '2022-01-06 07:28:56', '2022-01-06 07:28:56'),
(230, '{\"en\":\"Ukrainian\",\"ar\":\"\\u0623\\u0648\\u0643\\u0631\\u0627\\u0646\\u064a\"}', '2022-01-06 07:28:56', '2022-01-06 07:28:56'),
(231, '{\"en\":\"Emirati\",\"ar\":\"\\u0625\\u0645\\u0627\\u0631\\u0627\\u062a\\u064a\"}', '2022-01-06 07:28:56', '2022-01-06 07:28:56'),
(232, '{\"en\":\"British\",\"ar\":\"\\u0628\\u0631\\u064a\\u0637\\u0627\\u0646\\u064a\"}', '2022-01-06 07:28:56', '2022-01-06 07:28:56'),
(233, '{\"en\":\"American\",\"ar\":\"\\u0623\\u0645\\u0631\\u064a\\u0643\\u064a\"}', '2022-01-06 07:28:56', '2022-01-06 07:28:56'),
(234, '{\"en\":\"US Minor Outlying Islander\",\"ar\":\"\\u0623\\u0645\\u0631\\u064a\\u0643\\u064a\"}', '2022-01-06 07:28:56', '2022-01-06 07:28:56'),
(235, '{\"en\":\"Uruguayan\",\"ar\":\"\\u0623\\u0648\\u0631\\u063a\\u0648\\u0627\\u064a\"}', '2022-01-06 07:28:56', '2022-01-06 07:28:56'),
(236, '{\"en\":\"Uzbek\",\"ar\":\"\\u0623\\u0648\\u0632\\u0628\\u0627\\u0643\\u0633\\u062a\\u0627\\u0646\\u064a\"}', '2022-01-06 07:28:56', '2022-01-06 07:28:56'),
(237, '{\"en\":\"Vanuatuan\",\"ar\":\"\\u0641\\u0627\\u0646\\u0648\\u0627\\u062a\\u064a\"}', '2022-01-06 07:28:56', '2022-01-06 07:28:56'),
(238, '{\"en\":\"Venezuelan\",\"ar\":\"\\u0641\\u0646\\u0632\\u0648\\u064a\\u0644\\u064a\"}', '2022-01-06 07:28:56', '2022-01-06 07:28:56'),
(239, '{\"en\":\"Vietnamese\",\"ar\":\"\\u0641\\u064a\\u062a\\u0646\\u0627\\u0645\\u064a\"}', '2022-01-06 07:28:56', '2022-01-06 07:28:56'),
(240, '{\"en\":\"American Virgin Islander\",\"ar\":\"\\u0623\\u0645\\u0631\\u064a\\u0643\\u064a\"}', '2022-01-06 07:28:56', '2022-01-06 07:28:56'),
(241, '{\"en\":\"Vatican\",\"ar\":\"\\u0641\\u0627\\u062a\\u064a\\u0643\\u0627\\u0646\\u064a\"}', '2022-01-06 07:28:56', '2022-01-06 07:28:56'),
(242, '{\"en\":\"Wallisian\\/Futunan\",\"ar\":\"\\u0641\\u0648\\u062a\\u0648\\u0646\\u064a\"}', '2022-01-06 07:28:56', '2022-01-06 07:28:56'),
(243, '{\"en\":\"Sahrawian\",\"ar\":\"\\u0635\\u062d\\u0631\\u0627\\u0648\\u064a\"}', '2022-01-06 07:28:56', '2022-01-06 07:28:56'),
(244, '{\"en\":\"Yemeni\",\"ar\":\"\\u064a\\u0645\\u0646\\u064a\"}', '2022-01-06 07:28:56', '2022-01-06 07:28:56'),
(245, '{\"en\":\"Zambian\",\"ar\":\"\\u0632\\u0627\\u0645\\u0628\\u064a\\u0627\\u0646\\u064a\"}', '2022-01-06 07:28:56', '2022-01-06 07:28:56'),
(246, '{\"en\":\"Zimbabwean\",\"ar\":\"\\u0632\\u0645\\u0628\\u0627\\u0628\\u0648\\u064a\"}', '2022-01-06 07:28:56', '2022-01-06 07:28:56');

-- --------------------------------------------------------

--
-- Table structure for table `parent_attachments`
--

CREATE TABLE `parent_attachments` (
  `id` bigint(20) UNSIGNED NOT NULL,
  `file_name` varchar(255) COLLATE utf8mb4_unicode_ci NOT NULL,
  `parent_id` bigint(20) UNSIGNED NOT NULL,
  `created_at` timestamp NULL DEFAULT NULL,
  `updated_at` timestamp NULL DEFAULT NULL
) ENGINE=InnoDB DEFAULT CHARSET=utf8mb4 COLLATE=utf8mb4_unicode_ci;

-- --------------------------------------------------------

--
-- Table structure for table `password_resets`
--

CREATE TABLE `password_resets` (
  `email` varchar(255) COLLATE utf8mb4_unicode_ci NOT NULL,
  `token` varchar(255) COLLATE utf8mb4_unicode_ci NOT NULL,
  `created_at` timestamp NULL DEFAULT NULL
) ENGINE=InnoDB DEFAULT CHARSET=utf8mb4 COLLATE=utf8mb4_unicode_ci;

-- --------------------------------------------------------

--
-- Table structure for table `religions`
--

CREATE TABLE `religions` (
  `id` bigint(20) UNSIGNED NOT NULL,
  `name` varchar(255) COLLATE utf8mb4_unicode_ci NOT NULL,
  `created_at` timestamp NULL DEFAULT NULL,
  `updated_at` timestamp NULL DEFAULT NULL
) ENGINE=InnoDB DEFAULT CHARSET=utf8mb4 COLLATE=utf8mb4_unicode_ci;

--
-- Dumping data for table `religions`
--

INSERT INTO `religions` (`id`, `name`, `created_at`, `updated_at`) VALUES
(1, '{\"en\":\"Muslim\",\"ar\":\"\\u0645\\u0633\\u0644\\u0645\"}', '2022-01-06 07:28:56', '2022-01-06 07:28:56'),
(2, '{\"en\":\"Christian\",\"ar\":\"\\u0645\\u0633\\u064a\\u062d\\u064a\"}', '2022-01-06 07:28:56', '2022-01-06 07:28:56'),
(3, '{\"en\":\"Other\",\"ar\":\"\\u063a\\u064a\\u0631\\u0630\\u0644\\u0643\"}', '2022-01-06 07:28:56', '2022-01-06 07:28:56');

-- --------------------------------------------------------

--
-- Table structure for table `school_years`
--

CREATE TABLE `school_years` (
  `id` int(10) UNSIGNED NOT NULL,
  `name` varchar(255) COLLATE utf8mb4_unicode_ci NOT NULL,
  `grade_id` int(10) UNSIGNED NOT NULL,
  `created_at` timestamp NULL DEFAULT NULL,
  `updated_at` timestamp NULL DEFAULT NULL
) ENGINE=InnoDB DEFAULT CHARSET=utf8mb4 COLLATE=utf8mb4_unicode_ci;

--
-- Dumping data for table `school_years`
--

INSERT INTO `school_years` (`id`, `name`, `grade_id`, `created_at`, `updated_at`) VALUES
(1, '{\"ar\":\"\\u0627\\u0648\\u0644\\u064a\",\"en\":\"first\"}', 1, '2022-01-06 07:30:20', '2022-01-06 07:30:20'),
(2, '{\"ar\":\"\\u062b\\u0627\\u0646\\u064a\\u0629\",\"en\":\"second\"}', 2, '2022-01-06 07:30:20', '2022-01-06 07:30:20');

-- --------------------------------------------------------

--
-- Table structure for table `specializations`
--

CREATE TABLE `specializations` (
  `id` bigint(20) UNSIGNED NOT NULL,
  `Name` varchar(255) COLLATE utf8mb4_unicode_ci NOT NULL,
  `created_at` timestamp NULL DEFAULT NULL,
  `updated_at` timestamp NULL DEFAULT NULL
) ENGINE=InnoDB DEFAULT CHARSET=utf8mb4 COLLATE=utf8mb4_unicode_ci;

--
-- Dumping data for table `specializations`
--

INSERT INTO `specializations` (`id`, `Name`, `created_at`, `updated_at`) VALUES
(1, '{\"en\":\"Arabic\",\"ar\":\"\\u0639\\u0631\\u0628\\u064a\"}', '2022-01-06 07:28:56', '2022-01-06 07:28:56'),
(2, '{\"en\":\"Sciences\",\"ar\":\"\\u0639\\u0644\\u0648\\u0645\"}', '2022-01-06 07:28:56', '2022-01-06 07:28:56'),
(3, '{\"en\":\"Computer\",\"ar\":\"\\u062d\\u0627\\u0633\\u0628 \\u0627\\u0644\\u064a\"}', '2022-01-06 07:28:56', '2022-01-06 07:28:56'),
(4, '{\"en\":\"English\",\"ar\":\"\\u0627\\u0646\\u062c\\u0644\\u064a\\u0632\\u064a\"}', '2022-01-06 07:28:56', '2022-01-06 07:28:56');

-- --------------------------------------------------------

--
-- Table structure for table `students`
--

CREATE TABLE `students` (
  `id` bigint(20) UNSIGNED NOT NULL,
  `name` text COLLATE utf8mb4_unicode_ci NOT NULL,
  `email` varchar(255) COLLATE utf8mb4_unicode_ci NOT NULL,
  `password` varchar(255) COLLATE utf8mb4_unicode_ci NOT NULL,
  `gender_id` bigint(20) UNSIGNED NOT NULL,
  `nationalitie_id` bigint(20) UNSIGNED NOT NULL,
  `blood_id` bigint(20) UNSIGNED NOT NULL,
  `Date_Birth` date NOT NULL,
  `Grade_id` int(10) UNSIGNED NOT NULL,
  `Classroom_id` bigint(20) UNSIGNED NOT NULL,
  `school_years_id` int(10) UNSIGNED NOT NULL,
  `parent_id` bigint(20) UNSIGNED NOT NULL,
  `academic_year` varchar(255) COLLATE utf8mb4_unicode_ci NOT NULL,
  `deleted_at` timestamp NULL DEFAULT NULL,
  `created_at` timestamp NULL DEFAULT NULL,
  `updated_at` timestamp NULL DEFAULT NULL
) ENGINE=InnoDB DEFAULT CHARSET=utf8mb4 COLLATE=utf8mb4_unicode_ci;

--
-- Dumping data for table `students`
--

INSERT INTO `students` (`id`, `name`, `email`, `password`, `gender_id`, `nationalitie_id`, `blood_id`, `Date_Birth`, `Grade_id`, `Classroom_id`, `school_years_id`, `parent_id`, `academic_year`, `deleted_at`, `created_at`, `updated_at`) VALUES
(9, '{\"en\":\"Atef Taha Sowar\",\"ar\":null}', 'ateftaha12@gmail.com', '$2y$10$G0P4B0d4kqOeJNh54pP55u8M.t9JXtbSOkYTIiCNax/Bl8Wa837yK', 1, 13, 4, '2022-02-23', 1, 2, 1, 1, '2023', NULL, '2022-02-01 19:19:34', '2022-02-01 19:19:34'),
(11, '{\"en\":\"grvedfsz\",\"ar\":null}', 'ateftrgfvrwaha12@gmail.com', '$2y$10$4/x9SfxfIBBU09qmuy01o.cqBDW9W52d/ltPq8htpTTzIs66ptYQ.', 2, 14, 4, '2022-02-17', 1, 2, 1, 1, '2023', NULL, '2022-02-01 19:32:48', '2022-02-01 19:32:48'),
(17, '{\"en\":\"ilhrgjmfvds\",\"ar\":null}', 'aterwijhftaha12@gmail.com', '$2y$10$kbEkuhBnRNj.7JmCpswCkuBQj6y78J3DC66AtqrkNx.DpS/JfStti', 1, 14, 3, '2022-02-17', 2, 5, 2, 1, '2023', NULL, '2022-02-01 19:42:53', '2022-02-01 19:42:53'),
(21, '{\"en\":\"iqjegrves\",\"ar\":null}', 'ateftkhfncwaha12@gmail.com', '$2y$10$OBtaLCCfFgoomTRL.BgVZ.XjMSVkkb8Zn01278GpQ7UQR5.d7AMAe', 1, 5, 4, '2022-02-18', 2, 1, 2, 1, '2023', NULL, '2022-02-01 19:53:51', '2022-02-01 19:53:51'),
(22, '{\"en\":\"fghjkl\",\"ar\":null}', 'ateftkjhgaha12@gmail.com', '$2y$10$VY1hcjusFlVINY/4XFHdaOYle7VepPfdzjtw.Vskr3aJvmb4Mj8BG', 1, 10, 6, '2022-03-02', 2, 3, 2, 1, '2023', NULL, '2022-02-01 19:56:14', '2022-02-01 19:56:14');

-- --------------------------------------------------------

--
-- Table structure for table `teachers`
--

CREATE TABLE `teachers` (
  `id` bigint(20) UNSIGNED NOT NULL,
  `Email` varchar(255) COLLATE utf8mb4_unicode_ci NOT NULL,
  `Password` varchar(255) COLLATE utf8mb4_unicode_ci NOT NULL,
  `Name` varchar(255) COLLATE utf8mb4_unicode_ci NOT NULL,
  `Specialization_id` bigint(20) UNSIGNED NOT NULL,
  `Gender_id` bigint(20) UNSIGNED NOT NULL,
  `Joining_Date` date NOT NULL,
  `Address` text COLLATE utf8mb4_unicode_ci NOT NULL,
  `created_at` timestamp NULL DEFAULT NULL,
  `updated_at` timestamp NULL DEFAULT NULL
) ENGINE=InnoDB DEFAULT CHARSET=utf8mb4 COLLATE=utf8mb4_unicode_ci;

--
-- Dumping data for table `teachers`
--

INSERT INTO `teachers` (`id`, `Email`, `Password`, `Name`, `Specialization_id`, `Gender_id`, `Joining_Date`, `Address`, `created_at`, `updated_at`) VALUES
(1, 'mmmmmmm@gmail.com', '$2y$10$bEnwwencbt6KNGia.QolIurp/9GfUGOHe30WxSICxvGH4AGFOVeJC', '{\"en\":\"test\",\"ar\":\"test\\u0628\\u0627\\u0644\\u0639\\u0631\\u0628\\u064a\"}', 2, 1, '2022-01-12', 'mmmmmmmmmmmmmmm', NULL, '2022-01-17 12:09:55');

-- --------------------------------------------------------

--
-- Table structure for table `type_bloods`
--

CREATE TABLE `type_bloods` (
  `id` bigint(20) UNSIGNED NOT NULL,
  `name` varchar(255) COLLATE utf8mb4_unicode_ci NOT NULL,
  `created_at` timestamp NULL DEFAULT NULL,
  `updated_at` timestamp NULL DEFAULT NULL
) ENGINE=InnoDB DEFAULT CHARSET=utf8mb4 COLLATE=utf8mb4_unicode_ci;

--
-- Dumping data for table `type_bloods`
--

INSERT INTO `type_bloods` (`id`, `name`, `created_at`, `updated_at`) VALUES
(1, 'o-', '2022-01-06 07:28:55', '2022-01-06 07:28:55'),
(2, 'o+', '2022-01-06 07:28:55', '2022-01-06 07:28:55'),
(3, 'A+', '2022-01-06 07:28:55', '2022-01-06 07:28:55'),
(4, 'A-', '2022-01-06 07:28:55', '2022-01-06 07:28:55'),
(5, 'B+', '2022-01-06 07:28:55', '2022-01-06 07:28:55'),
(6, 'B-', '2022-01-06 07:28:55', '2022-01-06 07:28:55'),
(7, 'AB+', '2022-01-06 07:28:55', '2022-01-06 07:28:55'),
(8, 'AB-', '2022-01-06 07:28:55', '2022-01-06 07:28:55');

-- --------------------------------------------------------

--
-- Table structure for table `users`
--

CREATE TABLE `users` (
  `id` bigint(20) UNSIGNED NOT NULL,
  `name` varchar(255) COLLATE utf8mb4_unicode_ci NOT NULL,
  `email` varchar(255) COLLATE utf8mb4_unicode_ci NOT NULL,
  `email_verified_at` timestamp NULL DEFAULT NULL,
  `password` varchar(255) COLLATE utf8mb4_unicode_ci NOT NULL,
  `remember_token` varchar(100) COLLATE utf8mb4_unicode_ci DEFAULT NULL,
  `created_at` timestamp NULL DEFAULT NULL,
  `updated_at` timestamp NULL DEFAULT NULL
) ENGINE=InnoDB DEFAULT CHARSET=utf8mb4 COLLATE=utf8mb4_unicode_ci;

--
-- Indexes for dumped tables
--

--
-- Indexes for table `attachments`
--
ALTER TABLE `attachments`
  ADD PRIMARY KEY (`id`),
  ADD KEY `attachments_imageable_id_foreign` (`imageable_id`);

--
-- Indexes for table `classrooms`
--
ALTER TABLE `classrooms`
  ADD PRIMARY KEY (`id`),
  ADD KEY `classrooms_school_year_id_foreign` (`school_year_id`),
  ADD KEY `classrooms_grade_id_foreign` (`grade_id`);

--
-- Indexes for table `classroom_teacher`
--
ALTER TABLE `classroom_teacher`
  ADD PRIMARY KEY (`id`),
  ADD KEY `classroom_teacher_teacher_id_foreign` (`teachers_id`),
  ADD KEY `classroom_teacher_classroom_id_foreign` (`classroom_id`);

--
-- Indexes for table `failed_jobs`
--
ALTER TABLE `failed_jobs`
  ADD PRIMARY KEY (`id`);

--
-- Indexes for table `genders`
--
ALTER TABLE `genders`
  ADD PRIMARY KEY (`id`);

--
-- Indexes for table `grades`
--
ALTER TABLE `grades`
  ADD PRIMARY KEY (`id`);

--
-- Indexes for table `migrations`
--
ALTER TABLE `migrations`
  ADD PRIMARY KEY (`id`);

--
-- Indexes for table `my_parents`
--
ALTER TABLE `my_parents`
  ADD PRIMARY KEY (`id`),
  ADD UNIQUE KEY `my_parents_email_unique` (`Email`),
  ADD KEY `my_parents_nationality_father_id_foreign` (`Nationality_Father_id`),
  ADD KEY `my_parents_blood_type_father_id_foreign` (`Blood_Type_Father_id`),
  ADD KEY `my_parents_religion_father_id_foreign` (`Religion_Father_id`),
  ADD KEY `my_parents_nationality_mother_id_foreign` (`Nationality_Mother_id`),
  ADD KEY `my_parents_blood_type_mother_id_foreign` (`Blood_Type_Mother_id`),
  ADD KEY `my_parents_religion_mother_id_foreign` (`Religion_Mother_id`);

--
-- Indexes for table `nationalities`
--
ALTER TABLE `nationalities`
  ADD PRIMARY KEY (`id`);

--
-- Indexes for table `parent_attachments`
--
ALTER TABLE `parent_attachments`
  ADD PRIMARY KEY (`id`),
  ADD KEY `parent_attachments_parent_id_foreign` (`parent_id`);

--
-- Indexes for table `password_resets`
--
ALTER TABLE `password_resets`
  ADD KEY `password_resets_email_index` (`email`);

--
-- Indexes for table `religions`
--
ALTER TABLE `religions`
  ADD PRIMARY KEY (`id`);

--
-- Indexes for table `school_years`
--
ALTER TABLE `school_years`
  ADD PRIMARY KEY (`id`),
  ADD KEY `school_years_grade_id_foreign` (`grade_id`);

--
-- Indexes for table `specializations`
--
ALTER TABLE `specializations`
  ADD PRIMARY KEY (`id`);

--
-- Indexes for table `students`
--
ALTER TABLE `students`
  ADD PRIMARY KEY (`id`),
  ADD UNIQUE KEY `students_email_unique` (`email`),
  ADD KEY `students_gender_id_foreign` (`gender_id`),
  ADD KEY `students_nationalitie_id_foreign` (`nationalitie_id`),
  ADD KEY `students_blood_id_foreign` (`blood_id`),
  ADD KEY `students_grade_id_foreign` (`Grade_id`),
  ADD KEY `students_classroom_id_foreign` (`Classroom_id`),
  ADD KEY `students_school_years_id_foreign` (`school_years_id`),
  ADD KEY `students_parent_id_foreign` (`parent_id`);

--
-- Indexes for table `teachers`
--
ALTER TABLE `teachers`
  ADD PRIMARY KEY (`id`),
  ADD UNIQUE KEY `teachers_email_unique` (`Email`),
  ADD KEY `teachers_specialization_id_foreign` (`Specialization_id`),
  ADD KEY `teachers_gender_id_foreign` (`Gender_id`);

--
-- Indexes for table `type_bloods`
--
ALTER TABLE `type_bloods`
  ADD PRIMARY KEY (`id`);

--
-- Indexes for table `users`
--
ALTER TABLE `users`
  ADD PRIMARY KEY (`id`),
  ADD UNIQUE KEY `users_email_unique` (`email`);

--
-- AUTO_INCREMENT for dumped tables
--

--
-- AUTO_INCREMENT for table `attachments`
--
ALTER TABLE `attachments`
  MODIFY `id` bigint(20) UNSIGNED NOT NULL AUTO_INCREMENT, AUTO_INCREMENT=31;

--
-- AUTO_INCREMENT for table `classrooms`
--
ALTER TABLE `classrooms`
  MODIFY `id` bigint(20) UNSIGNED NOT NULL AUTO_INCREMENT, AUTO_INCREMENT=6;

--
-- AUTO_INCREMENT for table `classroom_teacher`
--
ALTER TABLE `classroom_teacher`
  MODIFY `id` bigint(20) UNSIGNED NOT NULL AUTO_INCREMENT, AUTO_INCREMENT=5;

--
-- AUTO_INCREMENT for table `failed_jobs`
--
ALTER TABLE `failed_jobs`
  MODIFY `id` bigint(20) UNSIGNED NOT NULL AUTO_INCREMENT;

--
-- AUTO_INCREMENT for table `genders`
--
ALTER TABLE `genders`
  MODIFY `id` bigint(20) UNSIGNED NOT NULL AUTO_INCREMENT, AUTO_INCREMENT=3;

--
-- AUTO_INCREMENT for table `grades`
--
ALTER TABLE `grades`
  MODIFY `id` int(10) UNSIGNED NOT NULL AUTO_INCREMENT, AUTO_INCREMENT=3;

--
-- AUTO_INCREMENT for table `migrations`
--
ALTER TABLE `migrations`
  MODIFY `id` int(10) UNSIGNED NOT NULL AUTO_INCREMENT, AUTO_INCREMENT=19;

--
-- AUTO_INCREMENT for table `my_parents`
--
ALTER TABLE `my_parents`
  MODIFY `id` bigint(20) UNSIGNED NOT NULL AUTO_INCREMENT, AUTO_INCREMENT=2;

--
-- AUTO_INCREMENT for table `nationalities`
--
ALTER TABLE `nationalities`
  MODIFY `id` bigint(20) UNSIGNED NOT NULL AUTO_INCREMENT, AUTO_INCREMENT=247;

--
-- AUTO_INCREMENT for table `parent_attachments`
--
ALTER TABLE `parent_attachments`
  MODIFY `id` bigint(20) UNSIGNED NOT NULL AUTO_INCREMENT;

--
-- AUTO_INCREMENT for table `religions`
--
ALTER TABLE `religions`
  MODIFY `id` bigint(20) UNSIGNED NOT NULL AUTO_INCREMENT, AUTO_INCREMENT=4;

--
-- AUTO_INCREMENT for table `school_years`
--
ALTER TABLE `school_years`
  MODIFY `id` int(10) UNSIGNED NOT NULL AUTO_INCREMENT, AUTO_INCREMENT=3;

--
-- AUTO_INCREMENT for table `specializations`
--
ALTER TABLE `specializations`
  MODIFY `id` bigint(20) UNSIGNED NOT NULL AUTO_INCREMENT, AUTO_INCREMENT=5;

--
-- AUTO_INCREMENT for table `students`
--
ALTER TABLE `students`
  MODIFY `id` bigint(20) UNSIGNED NOT NULL AUTO_INCREMENT, AUTO_INCREMENT=23;

--
-- AUTO_INCREMENT for table `teachers`
--
ALTER TABLE `teachers`
  MODIFY `id` bigint(20) UNSIGNED NOT NULL AUTO_INCREMENT, AUTO_INCREMENT=3;

--
-- AUTO_INCREMENT for table `type_bloods`
--
ALTER TABLE `type_bloods`
  MODIFY `id` bigint(20) UNSIGNED NOT NULL AUTO_INCREMENT, AUTO_INCREMENT=9;

--
-- AUTO_INCREMENT for table `users`
--
ALTER TABLE `users`
  MODIFY `id` bigint(20) UNSIGNED NOT NULL AUTO_INCREMENT;

--
-- Constraints for dumped tables
--

--
-- Constraints for table `attachments`
--
ALTER TABLE `attachments`
  ADD CONSTRAINT `attachments_imageable_id_foreign` FOREIGN KEY (`imageable_id`) REFERENCES `students` (`id`) ON DELETE CASCADE;

--
-- Constraints for table `classrooms`
--
ALTER TABLE `classrooms`
  ADD CONSTRAINT `classrooms_grade_id_foreign` FOREIGN KEY (`grade_id`) REFERENCES `grades` (`id`) ON DELETE CASCADE,
  ADD CONSTRAINT `classrooms_school_year_id_foreign` FOREIGN KEY (`school_year_id`) REFERENCES `school_years` (`id`) ON DELETE CASCADE;

--
-- Constraints for table `classroom_teacher`
--
ALTER TABLE `classroom_teacher`
  ADD CONSTRAINT `classroom_teacher_classroom_id_foreign` FOREIGN KEY (`classroom_id`) REFERENCES `classrooms` (`id`) ON DELETE CASCADE,
  ADD CONSTRAINT `classroom_teacher_teacher_id_foreign` FOREIGN KEY (`teachers_id`) REFERENCES `teachers` (`id`) ON DELETE CASCADE;

--
-- Constraints for table `my_parents`
--
ALTER TABLE `my_parents`
  ADD CONSTRAINT `my_parents_blood_type_father_id_foreign` FOREIGN KEY (`Blood_Type_Father_id`) REFERENCES `type_bloods` (`id`) ON DELETE CASCADE,
  ADD CONSTRAINT `my_parents_blood_type_mother_id_foreign` FOREIGN KEY (`Blood_Type_Mother_id`) REFERENCES `type_bloods` (`id`) ON DELETE CASCADE,
  ADD CONSTRAINT `my_parents_nationality_father_id_foreign` FOREIGN KEY (`Nationality_Father_id`) REFERENCES `nationalities` (`id`) ON DELETE CASCADE,
  ADD CONSTRAINT `my_parents_nationality_mother_id_foreign` FOREIGN KEY (`Nationality_Mother_id`) REFERENCES `nationalities` (`id`) ON DELETE CASCADE,
  ADD CONSTRAINT `my_parents_religion_father_id_foreign` FOREIGN KEY (`Religion_Father_id`) REFERENCES `religions` (`id`) ON DELETE CASCADE,
  ADD CONSTRAINT `my_parents_religion_mother_id_foreign` FOREIGN KEY (`Religion_Mother_id`) REFERENCES `religions` (`id`) ON DELETE CASCADE;

--
-- Constraints for table `parent_attachments`
--
ALTER TABLE `parent_attachments`
  ADD CONSTRAINT `parent_attachments_parent_id_foreign` FOREIGN KEY (`parent_id`) REFERENCES `my_parents` (`id`) ON DELETE CASCADE;

--
-- Constraints for table `school_years`
--
ALTER TABLE `school_years`
  ADD CONSTRAINT `school_years_grade_id_foreign` FOREIGN KEY (`grade_id`) REFERENCES `grades` (`id`) ON DELETE CASCADE;

--
-- Constraints for table `students`
--
ALTER TABLE `students`
  ADD CONSTRAINT `students_blood_id_foreign` FOREIGN KEY (`blood_id`) REFERENCES `type_bloods` (`id`) ON DELETE CASCADE,
  ADD CONSTRAINT `students_classroom_id_foreign` FOREIGN KEY (`Classroom_id`) REFERENCES `classrooms` (`id`) ON DELETE CASCADE,
  ADD CONSTRAINT `students_gender_id_foreign` FOREIGN KEY (`gender_id`) REFERENCES `genders` (`id`) ON DELETE CASCADE,
  ADD CONSTRAINT `students_grade_id_foreign` FOREIGN KEY (`Grade_id`) REFERENCES `grades` (`id`) ON DELETE CASCADE,
  ADD CONSTRAINT `students_nationalitie_id_foreign` FOREIGN KEY (`nationalitie_id`) REFERENCES `nationalities` (`id`) ON DELETE CASCADE,
  ADD CONSTRAINT `students_parent_id_foreign` FOREIGN KEY (`parent_id`) REFERENCES `my_parents` (`id`) ON DELETE CASCADE,
  ADD CONSTRAINT `students_school_years_id_foreign` FOREIGN KEY (`school_years_id`) REFERENCES `school_years` (`id`) ON DELETE CASCADE;

--
-- Constraints for table `teachers`
--
ALTER TABLE `teachers`
  ADD CONSTRAINT `teachers_gender_id_foreign` FOREIGN KEY (`Gender_id`) REFERENCES `genders` (`id`) ON DELETE CASCADE,
  ADD CONSTRAINT `teachers_specialization_id_foreign` FOREIGN KEY (`Specialization_id`) REFERENCES `specializations` (`id`) ON DELETE CASCADE;
COMMIT;

/*!40101 SET CHARACTER_SET_CLIENT=@OLD_CHARACTER_SET_CLIENT */;
/*!40101 SET CHARACTER_SET_RESULTS=@OLD_CHARACTER_SET_RESULTS */;
/*!40101 SET COLLATION_CONNECTION=@OLD_COLLATION_CONNECTION */;
